--
-- PostgreSQL database dump
--

-- Dumped from database version 15.1 (Ubuntu 15.1-1.pgdg20.04+1)
-- Dumped by pg_dump version 16.0

-- Started on 2024-01-26 21:02:07

SET statement_timeout = 0;
SET lock_timeout = 0;
SET idle_in_transaction_session_timeout = 0;
SET client_encoding = 'UTF8';
SET standard_conforming_strings = on;
SELECT pg_catalog.set_config('search_path', 'public, extensions', false);
SET check_function_bodies = false;
SET xmloption = content;
SET client_min_messages = warning;
SET row_security = off;

--
-- TOC entry 26 (class 2615 OID 2200)
-- Name: public; Type: SCHEMA; Schema: -; Owner: postgres
--

CREATE SCHEMA public;


ALTER SCHEMA public OWNER TO postgres;

SET default_tablespace = '';

SET default_table_access_method = heap;

--
-- TOC entry 274 (class 1259 OID 29119)
-- Name: api_coffee; Type: TABLE; Schema: public; Owner: postgres
--

CREATE TABLE public.api_coffee (
    id uuid NOT NULL,
    name text NOT NULL,
    date_added timestamp with time zone NOT NULL,
    origin_id text NOT NULL,
    roast_id text NOT NULL,
    description text NOT NULL,
    image_id uuid
);


ALTER TABLE public.api_coffee OWNER TO postgres;

--
-- TOC entry 275 (class 1259 OID 29124)
-- Name: api_coffee_flavors; Type: TABLE; Schema: public; Owner: postgres
--

CREATE TABLE public.api_coffee_flavors (
    id bigint NOT NULL,
    coffee_id uuid NOT NULL,
    flavor_id text NOT NULL
);


ALTER TABLE public.api_coffee_flavors OWNER TO postgres;

--
-- TOC entry 276 (class 1259 OID 29129)
-- Name: api_coffee_flavors_id_seq; Type: SEQUENCE; Schema: public; Owner: postgres
--

ALTER TABLE public.api_coffee_flavors ALTER COLUMN id ADD GENERATED BY DEFAULT AS IDENTITY (
    SEQUENCE NAME public.api_coffee_flavors_id_seq
    START WITH 1
    INCREMENT BY 1
    NO MINVALUE
    NO MAXVALUE
    CACHE 1
);


--
-- TOC entry 277 (class 1259 OID 29130)
-- Name: api_coffee_species; Type: TABLE; Schema: public; Owner: postgres
--

CREATE TABLE public.api_coffee_species (
    id bigint NOT NULL,
    coffee_id uuid NOT NULL,
    species_id text NOT NULL
);


ALTER TABLE public.api_coffee_species OWNER TO postgres;

--
-- TOC entry 278 (class 1259 OID 29135)
-- Name: api_coffee_species_id_seq; Type: SEQUENCE; Schema: public; Owner: postgres
--

ALTER TABLE public.api_coffee_species ALTER COLUMN id ADD GENERATED BY DEFAULT AS IDENTITY (
    SEQUENCE NAME public.api_coffee_species_id_seq
    START WITH 1
    INCREMENT BY 1
    NO MINVALUE
    NO MAXVALUE
    CACHE 1
);


--
-- TOC entry 308 (class 1259 OID 29977)
-- Name: api_coffeeimage; Type: TABLE; Schema: public; Owner: postgres
--

CREATE TABLE public.api_coffeeimage (
    id uuid NOT NULL,
    image character varying(100) NOT NULL,
    date_added timestamp with time zone NOT NULL
);


ALTER TABLE public.api_coffeeimage OWNER TO postgres;

--
-- TOC entry 306 (class 1259 OID 29605)
-- Name: api_coffeerating; Type: TABLE; Schema: public; Owner: postgres
--

CREATE TABLE public.api_coffeerating (
    rating integer NOT NULL,
    date_added timestamp with time zone NOT NULL,
    coffee_id uuid NOT NULL,
    id uuid NOT NULL,
    user_id integer NOT NULL,
    comment text NOT NULL
);


ALTER TABLE public.api_coffeerating OWNER TO postgres;

--
-- TOC entry 279 (class 1259 OID 29136)
-- Name: api_flavor; Type: TABLE; Schema: public; Owner: postgres
--

CREATE TABLE public.api_flavor (
    name text NOT NULL
);


ALTER TABLE public.api_flavor OWNER TO postgres;

--
-- TOC entry 307 (class 1259 OID 29622)
-- Name: api_group; Type: TABLE; Schema: public; Owner: postgres
--

CREATE TABLE public.api_group (
    name text NOT NULL
);


ALTER TABLE public.api_group OWNER TO postgres;

--
-- TOC entry 280 (class 1259 OID 29141)
-- Name: api_origin; Type: TABLE; Schema: public; Owner: postgres
--

CREATE TABLE public.api_origin (
    name text NOT NULL
);


ALTER TABLE public.api_origin OWNER TO postgres;

--
-- TOC entry 281 (class 1259 OID 29146)
-- Name: api_roast; Type: TABLE; Schema: public; Owner: postgres
--

CREATE TABLE public.api_roast (
    name text NOT NULL
);


ALTER TABLE public.api_roast OWNER TO postgres;

--
-- TOC entry 282 (class 1259 OID 29151)
-- Name: api_species; Type: TABLE; Schema: public; Owner: postgres
--

CREATE TABLE public.api_species (
    name text NOT NULL
);


ALTER TABLE public.api_species OWNER TO postgres;

--
-- TOC entry 283 (class 1259 OID 29161)
-- Name: auth_group; Type: TABLE; Schema: public; Owner: postgres
--

CREATE TABLE public.auth_group (
    id integer NOT NULL,
    name character varying(150) NOT NULL
);


ALTER TABLE public.auth_group OWNER TO postgres;

--
-- TOC entry 284 (class 1259 OID 29164)
-- Name: auth_group_id_seq; Type: SEQUENCE; Schema: public; Owner: postgres
--

ALTER TABLE public.auth_group ALTER COLUMN id ADD GENERATED BY DEFAULT AS IDENTITY (
    SEQUENCE NAME public.auth_group_id_seq
    START WITH 1
    INCREMENT BY 1
    NO MINVALUE
    NO MAXVALUE
    CACHE 1
);


--
-- TOC entry 285 (class 1259 OID 29165)
-- Name: auth_group_permissions; Type: TABLE; Schema: public; Owner: postgres
--

CREATE TABLE public.auth_group_permissions (
    id bigint NOT NULL,
    group_id integer NOT NULL,
    permission_id integer NOT NULL
);


ALTER TABLE public.auth_group_permissions OWNER TO postgres;

--
-- TOC entry 286 (class 1259 OID 29168)
-- Name: auth_group_permissions_id_seq; Type: SEQUENCE; Schema: public; Owner: postgres
--

ALTER TABLE public.auth_group_permissions ALTER COLUMN id ADD GENERATED BY DEFAULT AS IDENTITY (
    SEQUENCE NAME public.auth_group_permissions_id_seq
    START WITH 1
    INCREMENT BY 1
    NO MINVALUE
    NO MAXVALUE
    CACHE 1
);


--
-- TOC entry 287 (class 1259 OID 29169)
-- Name: auth_permission; Type: TABLE; Schema: public; Owner: postgres
--

CREATE TABLE public.auth_permission (
    id integer NOT NULL,
    name character varying(255) NOT NULL,
    content_type_id integer NOT NULL,
    codename character varying(100) NOT NULL
);


ALTER TABLE public.auth_permission OWNER TO postgres;

--
-- TOC entry 288 (class 1259 OID 29172)
-- Name: auth_permission_id_seq; Type: SEQUENCE; Schema: public; Owner: postgres
--

ALTER TABLE public.auth_permission ALTER COLUMN id ADD GENERATED BY DEFAULT AS IDENTITY (
    SEQUENCE NAME public.auth_permission_id_seq
    START WITH 1
    INCREMENT BY 1
    NO MINVALUE
    NO MAXVALUE
    CACHE 1
);


--
-- TOC entry 289 (class 1259 OID 29173)
-- Name: auth_user; Type: TABLE; Schema: public; Owner: postgres
--

CREATE TABLE public.auth_user (
    id integer NOT NULL,
    password character varying(128) NOT NULL,
    last_login timestamp with time zone,
    is_superuser boolean NOT NULL,
    username character varying(150) NOT NULL,
    first_name character varying(150) NOT NULL,
    last_name character varying(150) NOT NULL,
    email character varying(254) NOT NULL,
    is_staff boolean NOT NULL,
    is_active boolean NOT NULL,
    date_joined timestamp with time zone NOT NULL
);


ALTER TABLE public.auth_user OWNER TO postgres;

--
-- TOC entry 290 (class 1259 OID 29178)
-- Name: auth_user_groups; Type: TABLE; Schema: public; Owner: postgres
--

CREATE TABLE public.auth_user_groups (
    id bigint NOT NULL,
    user_id integer NOT NULL,
    group_id integer NOT NULL
);


ALTER TABLE public.auth_user_groups OWNER TO postgres;

--
-- TOC entry 291 (class 1259 OID 29181)
-- Name: auth_user_groups_id_seq; Type: SEQUENCE; Schema: public; Owner: postgres
--

ALTER TABLE public.auth_user_groups ALTER COLUMN id ADD GENERATED BY DEFAULT AS IDENTITY (
    SEQUENCE NAME public.auth_user_groups_id_seq
    START WITH 1
    INCREMENT BY 1
    NO MINVALUE
    NO MAXVALUE
    CACHE 1
);


--
-- TOC entry 292 (class 1259 OID 29182)
-- Name: auth_user_id_seq; Type: SEQUENCE; Schema: public; Owner: postgres
--

ALTER TABLE public.auth_user ALTER COLUMN id ADD GENERATED BY DEFAULT AS IDENTITY (
    SEQUENCE NAME public.auth_user_id_seq
    START WITH 1
    INCREMENT BY 1
    NO MINVALUE
    NO MAXVALUE
    CACHE 1
);


--
-- TOC entry 293 (class 1259 OID 29183)
-- Name: auth_user_user_permissions; Type: TABLE; Schema: public; Owner: postgres
--

CREATE TABLE public.auth_user_user_permissions (
    id bigint NOT NULL,
    user_id integer NOT NULL,
    permission_id integer NOT NULL
);


ALTER TABLE public.auth_user_user_permissions OWNER TO postgres;

--
-- TOC entry 294 (class 1259 OID 29186)
-- Name: auth_user_user_permissions_id_seq; Type: SEQUENCE; Schema: public; Owner: postgres
--

ALTER TABLE public.auth_user_user_permissions ALTER COLUMN id ADD GENERATED BY DEFAULT AS IDENTITY (
    SEQUENCE NAME public.auth_user_user_permissions_id_seq
    START WITH 1
    INCREMENT BY 1
    NO MINVALUE
    NO MAXVALUE
    CACHE 1
);


--
-- TOC entry 295 (class 1259 OID 29187)
-- Name: django_admin_log; Type: TABLE; Schema: public; Owner: postgres
--

CREATE TABLE public.django_admin_log (
    id integer NOT NULL,
    action_time timestamp with time zone NOT NULL,
    object_id text,
    object_repr character varying(200) NOT NULL,
    action_flag smallint NOT NULL,
    change_message text NOT NULL,
    content_type_id integer,
    user_id integer NOT NULL,
    CONSTRAINT django_admin_log_action_flag_check CHECK ((action_flag >= 0))
);


ALTER TABLE public.django_admin_log OWNER TO postgres;

--
-- TOC entry 296 (class 1259 OID 29193)
-- Name: django_admin_log_id_seq; Type: SEQUENCE; Schema: public; Owner: postgres
--

ALTER TABLE public.django_admin_log ALTER COLUMN id ADD GENERATED BY DEFAULT AS IDENTITY (
    SEQUENCE NAME public.django_admin_log_id_seq
    START WITH 1
    INCREMENT BY 1
    NO MINVALUE
    NO MAXVALUE
    CACHE 1
);


--
-- TOC entry 297 (class 1259 OID 29194)
-- Name: django_content_type; Type: TABLE; Schema: public; Owner: postgres
--

CREATE TABLE public.django_content_type (
    id integer NOT NULL,
    app_label character varying(100) NOT NULL,
    model character varying(100) NOT NULL
);


ALTER TABLE public.django_content_type OWNER TO postgres;

--
-- TOC entry 298 (class 1259 OID 29197)
-- Name: django_content_type_id_seq; Type: SEQUENCE; Schema: public; Owner: postgres
--

ALTER TABLE public.django_content_type ALTER COLUMN id ADD GENERATED BY DEFAULT AS IDENTITY (
    SEQUENCE NAME public.django_content_type_id_seq
    START WITH 1
    INCREMENT BY 1
    NO MINVALUE
    NO MAXVALUE
    CACHE 1
);


--
-- TOC entry 299 (class 1259 OID 29198)
-- Name: django_migrations; Type: TABLE; Schema: public; Owner: postgres
--

CREATE TABLE public.django_migrations (
    id bigint NOT NULL,
    app character varying(255) NOT NULL,
    name character varying(255) NOT NULL,
    applied timestamp with time zone NOT NULL
);


ALTER TABLE public.django_migrations OWNER TO postgres;

--
-- TOC entry 300 (class 1259 OID 29203)
-- Name: django_migrations_id_seq; Type: SEQUENCE; Schema: public; Owner: postgres
--

ALTER TABLE public.django_migrations ALTER COLUMN id ADD GENERATED BY DEFAULT AS IDENTITY (
    SEQUENCE NAME public.django_migrations_id_seq
    START WITH 1
    INCREMENT BY 1
    NO MINVALUE
    NO MAXVALUE
    CACHE 1
);


--
-- TOC entry 301 (class 1259 OID 29204)
-- Name: django_session; Type: TABLE; Schema: public; Owner: postgres
--

CREATE TABLE public.django_session (
    session_key character varying(40) NOT NULL,
    session_data text NOT NULL,
    expire_date timestamp with time zone NOT NULL
);


ALTER TABLE public.django_session OWNER TO postgres;

--
-- TOC entry 3913 (class 0 OID 29119)
-- Dependencies: 274
-- Data for Name: api_coffee; Type: TABLE DATA; Schema: public; Owner: postgres
--

INSERT INTO public.api_coffee VALUES ('2e1c7b90-6d57-4ad8-86a6-b0aada97fa13', 'Etno Cafe - Indonesia Mandheling', '2024-01-24 14:20:26.985018+00', 'Indonesia', 'Medium', '', NULL);
INSERT INTO public.api_coffee VALUES ('f507e81a-9082-4281-8c7f-9c831b19f010', 'Etno Cafe - Etiopia Yirgacheffe', '2024-01-24 14:26:27.285936+00', 'Etiopia', 'Medium', '', NULL);
INSERT INTO public.api_coffee VALUES ('17a93754-0e51-4bb5-8fbb-73c27321f296', 'Etno Cafe - Colombia Medellin', '2024-01-24 14:48:54.086953+00', 'Colombia', 'Medium', '', NULL);
INSERT INTO public.api_coffee VALUES ('e3a12169-52e8-4379-a202-4112e43efcb1', 'HAYB - Brasil+ Espresso', '2024-01-24 14:49:23.763789+00', 'Brasil', 'Medium', '', NULL);
INSERT INTO public.api_coffee VALUES ('31d9d92b-b517-41d3-bcd1-a8d33880a57b', 'HAYB - Black Espresso Blend', '2024-01-24 14:50:37.212185+00', 'Brasil', 'Dark', '', NULL);
INSERT INTO public.api_coffee VALUES ('11df7e34-1b9e-42bd-b6c6-2838869a586d', 'Arcaffe Gorgona', '2024-01-26 17:40:16.303537+00', 'Italy', 'Medium', '', 'e5639d92-3f3a-4997-9709-900d8bbbb013');
INSERT INTO public.api_coffee VALUES ('e65096e5-24c1-445c-9496-e4003d8a1d2a', 'Etno Cafe - Italian Roast', '2024-01-26 17:42:48.143194+00', 'Blend', 'Dark', 'Description', '4353e8b5-e256-4e91-a676-9dec658c4a39');
INSERT INTO public.api_coffee VALUES ('976b2246-76d3-4e1a-b269-5ad85e2ca221', 'Trigger - Nutty Batch Filter', '2024-01-26 17:51:31.176151+00', 'Brasil', 'Light', '', '1ef88fc4-ace7-4673-acb9-32a077e05c56');
INSERT INTO public.api_coffee VALUES ('9b909a21-619e-4f70-a6f0-32a0157b4cb4', 'Etno Cafe - Abyssinian Highland', '2024-01-26 17:55:56.047374+00', 'Blend', 'Medium', '', 'e1061d12-2f82-4e39-bdaa-7b4f1a45315b');
INSERT INTO public.api_coffee VALUES ('2d1e5a35-869a-48ad-a76b-31541d30215a', 'Arcaffe Roma', '2024-01-26 17:42:03.791947+00', 'Blend', 'Medium', '', '2e676086-2696-4390-a5b3-a22e0f46b0d9');


--
-- TOC entry 3914 (class 0 OID 29124)
-- Dependencies: 275
-- Data for Name: api_coffee_flavors; Type: TABLE DATA; Schema: public; Owner: postgres
--

INSERT INTO public.api_coffee_flavors VALUES (2, '2e1c7b90-6d57-4ad8-86a6-b0aada97fa13', 'Chocolate');
INSERT INTO public.api_coffee_flavors VALUES (3, '2e1c7b90-6d57-4ad8-86a6-b0aada97fa13', 'Spice');
INSERT INTO public.api_coffee_flavors VALUES (4, '2e1c7b90-6d57-4ad8-86a6-b0aada97fa13', 'Tobacco');
INSERT INTO public.api_coffee_flavors VALUES (5, 'f507e81a-9082-4281-8c7f-9c831b19f010', 'Black currant');
INSERT INTO public.api_coffee_flavors VALUES (6, 'f507e81a-9082-4281-8c7f-9c831b19f010', 'Almond');
INSERT INTO public.api_coffee_flavors VALUES (8, '17a93754-0e51-4bb5-8fbb-73c27321f296', 'Citrus');
INSERT INTO public.api_coffee_flavors VALUES (9, '17a93754-0e51-4bb5-8fbb-73c27321f296', 'Chocolate');
INSERT INTO public.api_coffee_flavors VALUES (10, 'e3a12169-52e8-4379-a202-4112e43efcb1', 'Yellow fruits');
INSERT INTO public.api_coffee_flavors VALUES (11, 'e3a12169-52e8-4379-a202-4112e43efcb1', 'Nougat');
INSERT INTO public.api_coffee_flavors VALUES (12, 'e3a12169-52e8-4379-a202-4112e43efcb1', 'Chocolate');
INSERT INTO public.api_coffee_flavors VALUES (13, '31d9d92b-b517-41d3-bcd1-a8d33880a57b', 'Nuts');
INSERT INTO public.api_coffee_flavors VALUES (14, '31d9d92b-b517-41d3-bcd1-a8d33880a57b', 'Dark chocolate');
INSERT INTO public.api_coffee_flavors VALUES (15, '31d9d92b-b517-41d3-bcd1-a8d33880a57b', 'Molasses');
INSERT INTO public.api_coffee_flavors VALUES (32, '11df7e34-1b9e-42bd-b6c6-2838869a586d', 'Licorice');
INSERT INTO public.api_coffee_flavors VALUES (33, '2d1e5a35-869a-48ad-a76b-31541d30215a', 'Nuts');
INSERT INTO public.api_coffee_flavors VALUES (34, '2d1e5a35-869a-48ad-a76b-31541d30215a', 'Chcocolate');
INSERT INTO public.api_coffee_flavors VALUES (35, 'e65096e5-24c1-445c-9496-e4003d8a1d2a', 'Nuts');
INSERT INTO public.api_coffee_flavors VALUES (36, 'e65096e5-24c1-445c-9496-e4003d8a1d2a', 'Chcocolate');
INSERT INTO public.api_coffee_flavors VALUES (37, '976b2246-76d3-4e1a-b269-5ad85e2ca221', 'Brown sugar');
INSERT INTO public.api_coffee_flavors VALUES (38, '976b2246-76d3-4e1a-b269-5ad85e2ca221', 'Chocolate');
INSERT INTO public.api_coffee_flavors VALUES (39, '976b2246-76d3-4e1a-b269-5ad85e2ca221', 'Nuts');
INSERT INTO public.api_coffee_flavors VALUES (40, '9b909a21-619e-4f70-a6f0-32a0157b4cb4', 'Cinnamon');
INSERT INTO public.api_coffee_flavors VALUES (41, '9b909a21-619e-4f70-a6f0-32a0157b4cb4', 'Carmel');
INSERT INTO public.api_coffee_flavors VALUES (42, '9b909a21-619e-4f70-a6f0-32a0157b4cb4', 'Chocolate');


--
-- TOC entry 3916 (class 0 OID 29130)
-- Dependencies: 277
-- Data for Name: api_coffee_species; Type: TABLE DATA; Schema: public; Owner: postgres
--

INSERT INTO public.api_coffee_species VALUES (3, '2e1c7b90-6d57-4ad8-86a6-b0aada97fa13', 'Arabica');
INSERT INTO public.api_coffee_species VALUES (4, 'f507e81a-9082-4281-8c7f-9c831b19f010', 'Arabica');
INSERT INTO public.api_coffee_species VALUES (6, '17a93754-0e51-4bb5-8fbb-73c27321f296', 'Arabica');
INSERT INTO public.api_coffee_species VALUES (7, 'e3a12169-52e8-4379-a202-4112e43efcb1', 'Arabica');
INSERT INTO public.api_coffee_species VALUES (8, '31d9d92b-b517-41d3-bcd1-a8d33880a57b', 'Robusta');
INSERT INTO public.api_coffee_species VALUES (9, '31d9d92b-b517-41d3-bcd1-a8d33880a57b', 'Arabica');
INSERT INTO public.api_coffee_species VALUES (29, '11df7e34-1b9e-42bd-b6c6-2838869a586d', 'Robusta');
INSERT INTO public.api_coffee_species VALUES (30, '11df7e34-1b9e-42bd-b6c6-2838869a586d', 'Arabica');
INSERT INTO public.api_coffee_species VALUES (31, '2d1e5a35-869a-48ad-a76b-31541d30215a', 'Arabica');
INSERT INTO public.api_coffee_species VALUES (32, 'e65096e5-24c1-445c-9496-e4003d8a1d2a', 'Arabica');
INSERT INTO public.api_coffee_species VALUES (33, '976b2246-76d3-4e1a-b269-5ad85e2ca221', 'Arabica');
INSERT INTO public.api_coffee_species VALUES (34, '9b909a21-619e-4f70-a6f0-32a0157b4cb4', 'Arabica');


--
-- TOC entry 3943 (class 0 OID 29977)
-- Dependencies: 308
-- Data for Name: api_coffeeimage; Type: TABLE DATA; Schema: public; Owner: postgres
--

INSERT INTO public.api_coffeeimage VALUES ('f85268d4-2e58-44d3-8c0e-9f1179b33e54', 'images/7f96f8e704d74a76a61be123d4c87558_1920x1920_6wEoeUm.jpg', '2024-01-25 18:46:46.500884+00');
INSERT INTO public.api_coffeeimage VALUES ('2e676086-2696-4390-a5b3-a22e0f46b0d9', 'images/7f96f8e704d74a76a61be123d4c87558_1920x1920.jpg', '2024-01-25 19:09:45.021908+00');
INSERT INTO public.api_coffeeimage VALUES ('e5639d92-3f3a-4997-9709-900d8bbbb013', 'images/1affb35d67eb47db89c6c24e0d193192_1920x1920.jpg', '2024-01-26 17:40:17.71001+00');
INSERT INTO public.api_coffeeimage VALUES ('5fe3e2c8-7bf8-412d-a39f-ed515c7670c3', 'images/7f96f8e704d74a76a61be123d4c87558_1920x1920_8rMZpoS.jpg', '2024-01-26 17:42:04.5387+00');
INSERT INTO public.api_coffeeimage VALUES ('4353e8b5-e256-4e91-a676-9dec658c4a39', 'images/0f0d74e424c64c12975ef0da9e49997e_1920x1920.jpg', '2024-01-26 17:42:48.822222+00');
INSERT INTO public.api_coffeeimage VALUES ('1ef88fc4-ace7-4673-acb9-32a077e05c56', 'images/a22e80020301410d9a892faac928dc22_1920x1920.jpg', '2024-01-26 17:51:31.917788+00');
INSERT INTO public.api_coffeeimage VALUES ('e1061d12-2f82-4e39-bdaa-7b4f1a45315b', 'images/63488c3f4e3649b88397848f6eebdefe_1920x1920.jpg', '2024-01-26 17:55:57.029614+00');


--
-- TOC entry 3941 (class 0 OID 29605)
-- Dependencies: 306
-- Data for Name: api_coffeerating; Type: TABLE DATA; Schema: public; Owner: postgres
--

INSERT INTO public.api_coffeerating VALUES (5, '2024-01-25 17:00:47.577882+00', '17a93754-0e51-4bb5-8fbb-73c27321f296', '86ef9cf7-457b-4eb2-b51b-aba8faff9aa8', 9, 'recenzja 1233333');
INSERT INTO public.api_coffeerating VALUES (2, '2024-01-25 16:37:31.285388+00', '17a93754-0e51-4bb5-8fbb-73c27321f296', '2e2e44f0-7e10-4ac0-bb83-6b9070edef17', 8, 'recenzja 123');
INSERT INTO public.api_coffeerating VALUES (5, '2024-01-26 18:57:12.454559+00', '2d1e5a35-869a-48ad-a76b-31541d30215a', '7b666469-e072-4411-93b1-70596c2201f6', 8, '');


--
-- TOC entry 3918 (class 0 OID 29136)
-- Dependencies: 279
-- Data for Name: api_flavor; Type: TABLE DATA; Schema: public; Owner: postgres
--

INSERT INTO public.api_flavor VALUES ('Flavor 1');
INSERT INTO public.api_flavor VALUES ('Spice');
INSERT INTO public.api_flavor VALUES ('Chocolate');
INSERT INTO public.api_flavor VALUES ('Tobacco');
INSERT INTO public.api_flavor VALUES ('Black currant');
INSERT INTO public.api_flavor VALUES ('Almond');
INSERT INTO public.api_flavor VALUES ('Citrus');
INSERT INTO public.api_flavor VALUES ('Nougat');
INSERT INTO public.api_flavor VALUES ('Yellow fruits');
INSERT INTO public.api_flavor VALUES ('Dark chocolate');
INSERT INTO public.api_flavor VALUES ('Nuts');
INSERT INTO public.api_flavor VALUES ('Molasses');
INSERT INTO public.api_flavor VALUES ('');
INSERT INTO public.api_flavor VALUES ('Licorice');
INSERT INTO public.api_flavor VALUES ('Chcocolate');
INSERT INTO public.api_flavor VALUES ('Brown sugar');
INSERT INTO public.api_flavor VALUES ('Cinnamon');
INSERT INTO public.api_flavor VALUES ('Carmel');


--
-- TOC entry 3942 (class 0 OID 29622)
-- Dependencies: 307
-- Data for Name: api_group; Type: TABLE DATA; Schema: public; Owner: postgres
--

INSERT INTO public.api_group VALUES ('user');
INSERT INTO public.api_group VALUES ('admin');


--
-- TOC entry 3919 (class 0 OID 29141)
-- Dependencies: 280
-- Data for Name: api_origin; Type: TABLE DATA; Schema: public; Owner: postgres
--

INSERT INTO public.api_origin VALUES ('Etiopia');
INSERT INTO public.api_origin VALUES ('Indonesia');
INSERT INTO public.api_origin VALUES ('Colombia');
INSERT INTO public.api_origin VALUES ('Brasil');
INSERT INTO public.api_origin VALUES ('Poland');
INSERT INTO public.api_origin VALUES ('Italy');
INSERT INTO public.api_origin VALUES ('Blend');


--
-- TOC entry 3920 (class 0 OID 29146)
-- Dependencies: 281
-- Data for Name: api_roast; Type: TABLE DATA; Schema: public; Owner: postgres
--

INSERT INTO public.api_roast VALUES ('Light');
INSERT INTO public.api_roast VALUES ('Medium');
INSERT INTO public.api_roast VALUES ('Dark');


--
-- TOC entry 3921 (class 0 OID 29151)
-- Dependencies: 282
-- Data for Name: api_species; Type: TABLE DATA; Schema: public; Owner: postgres
--

INSERT INTO public.api_species VALUES ('Arabica');
INSERT INTO public.api_species VALUES ('Robusta');
INSERT INTO public.api_species VALUES ('');


--
-- TOC entry 3922 (class 0 OID 29161)
-- Dependencies: 283
-- Data for Name: auth_group; Type: TABLE DATA; Schema: public; Owner: postgres
--



--
-- TOC entry 3924 (class 0 OID 29165)
-- Dependencies: 285
-- Data for Name: auth_group_permissions; Type: TABLE DATA; Schema: public; Owner: postgres
--



--
-- TOC entry 3926 (class 0 OID 29169)
-- Dependencies: 287
-- Data for Name: auth_permission; Type: TABLE DATA; Schema: public; Owner: postgres
--

INSERT INTO public.auth_permission VALUES (1, 'Can add log entry', 1, 'add_logentry');
INSERT INTO public.auth_permission VALUES (2, 'Can change log entry', 1, 'change_logentry');
INSERT INTO public.auth_permission VALUES (3, 'Can delete log entry', 1, 'delete_logentry');
INSERT INTO public.auth_permission VALUES (4, 'Can view log entry', 1, 'view_logentry');
INSERT INTO public.auth_permission VALUES (5, 'Can add permission', 2, 'add_permission');
INSERT INTO public.auth_permission VALUES (6, 'Can change permission', 2, 'change_permission');
INSERT INTO public.auth_permission VALUES (7, 'Can delete permission', 2, 'delete_permission');
INSERT INTO public.auth_permission VALUES (8, 'Can view permission', 2, 'view_permission');
INSERT INTO public.auth_permission VALUES (9, 'Can add group', 3, 'add_group');
INSERT INTO public.auth_permission VALUES (10, 'Can change group', 3, 'change_group');
INSERT INTO public.auth_permission VALUES (11, 'Can delete group', 3, 'delete_group');
INSERT INTO public.auth_permission VALUES (12, 'Can view group', 3, 'view_group');
INSERT INTO public.auth_permission VALUES (13, 'Can add user', 4, 'add_user');
INSERT INTO public.auth_permission VALUES (14, 'Can change user', 4, 'change_user');
INSERT INTO public.auth_permission VALUES (15, 'Can delete user', 4, 'delete_user');
INSERT INTO public.auth_permission VALUES (16, 'Can view user', 4, 'view_user');
INSERT INTO public.auth_permission VALUES (17, 'Can add content type', 5, 'add_contenttype');
INSERT INTO public.auth_permission VALUES (18, 'Can change content type', 5, 'change_contenttype');
INSERT INTO public.auth_permission VALUES (19, 'Can delete content type', 5, 'delete_contenttype');
INSERT INTO public.auth_permission VALUES (20, 'Can view content type', 5, 'view_contenttype');
INSERT INTO public.auth_permission VALUES (21, 'Can add session', 6, 'add_session');
INSERT INTO public.auth_permission VALUES (22, 'Can change session', 6, 'change_session');
INSERT INTO public.auth_permission VALUES (23, 'Can delete session', 6, 'delete_session');
INSERT INTO public.auth_permission VALUES (24, 'Can view session', 6, 'view_session');
INSERT INTO public.auth_permission VALUES (25, 'Can add flavor', 7, 'add_flavor');
INSERT INTO public.auth_permission VALUES (26, 'Can change flavor', 7, 'change_flavor');
INSERT INTO public.auth_permission VALUES (27, 'Can delete flavor', 7, 'delete_flavor');
INSERT INTO public.auth_permission VALUES (28, 'Can view flavor', 7, 'view_flavor');
INSERT INTO public.auth_permission VALUES (29, 'Can add origin', 8, 'add_origin');
INSERT INTO public.auth_permission VALUES (30, 'Can change origin', 8, 'change_origin');
INSERT INTO public.auth_permission VALUES (31, 'Can delete origin', 8, 'delete_origin');
INSERT INTO public.auth_permission VALUES (32, 'Can view origin', 8, 'view_origin');
INSERT INTO public.auth_permission VALUES (33, 'Can add roast', 9, 'add_roast');
INSERT INTO public.auth_permission VALUES (34, 'Can change roast', 9, 'change_roast');
INSERT INTO public.auth_permission VALUES (35, 'Can delete roast', 9, 'delete_roast');
INSERT INTO public.auth_permission VALUES (36, 'Can view roast', 9, 'view_roast');
INSERT INTO public.auth_permission VALUES (37, 'Can add species', 10, 'add_species');
INSERT INTO public.auth_permission VALUES (38, 'Can change species', 10, 'change_species');
INSERT INTO public.auth_permission VALUES (39, 'Can delete species', 10, 'delete_species');
INSERT INTO public.auth_permission VALUES (40, 'Can view species', 10, 'view_species');
INSERT INTO public.auth_permission VALUES (41, 'Can add coffee', 11, 'add_coffee');
INSERT INTO public.auth_permission VALUES (42, 'Can change coffee', 11, 'change_coffee');
INSERT INTO public.auth_permission VALUES (43, 'Can delete coffee', 11, 'delete_coffee');
INSERT INTO public.auth_permission VALUES (44, 'Can view coffee', 11, 'view_coffee');
INSERT INTO public.auth_permission VALUES (45, 'Can add user', 12, 'add_user');
INSERT INTO public.auth_permission VALUES (46, 'Can change user', 12, 'change_user');
INSERT INTO public.auth_permission VALUES (47, 'Can delete user', 12, 'delete_user');
INSERT INTO public.auth_permission VALUES (48, 'Can view user', 12, 'view_user');
INSERT INTO public.auth_permission VALUES (49, 'Can add coffee rating', 13, 'add_coffeerating');
INSERT INTO public.auth_permission VALUES (50, 'Can change coffee rating', 13, 'change_coffeerating');
INSERT INTO public.auth_permission VALUES (51, 'Can delete coffee rating', 13, 'delete_coffeerating');
INSERT INTO public.auth_permission VALUES (52, 'Can view coffee rating', 13, 'view_coffeerating');
INSERT INTO public.auth_permission VALUES (53, 'Can add user group', 14, 'add_usergroup');
INSERT INTO public.auth_permission VALUES (54, 'Can change user group', 14, 'change_usergroup');
INSERT INTO public.auth_permission VALUES (55, 'Can delete user group', 14, 'delete_usergroup');
INSERT INTO public.auth_permission VALUES (56, 'Can view user group', 14, 'view_usergroup');
INSERT INTO public.auth_permission VALUES (57, 'Can add group', 15, 'add_group');
INSERT INTO public.auth_permission VALUES (58, 'Can change group', 15, 'change_group');
INSERT INTO public.auth_permission VALUES (59, 'Can delete group', 15, 'delete_group');
INSERT INTO public.auth_permission VALUES (60, 'Can view group', 15, 'view_group');
INSERT INTO public.auth_permission VALUES (61, 'Can add user group2', 16, 'add_usergroup2');
INSERT INTO public.auth_permission VALUES (62, 'Can change user group2', 16, 'change_usergroup2');
INSERT INTO public.auth_permission VALUES (63, 'Can delete user group2', 16, 'delete_usergroup2');
INSERT INTO public.auth_permission VALUES (64, 'Can view user group2', 16, 'view_usergroup2');
INSERT INTO public.auth_permission VALUES (65, 'Can add coffee image', 17, 'add_coffeeimage');
INSERT INTO public.auth_permission VALUES (66, 'Can change coffee image', 17, 'change_coffeeimage');
INSERT INTO public.auth_permission VALUES (67, 'Can delete coffee image', 17, 'delete_coffeeimage');
INSERT INTO public.auth_permission VALUES (68, 'Can view coffee image', 17, 'view_coffeeimage');


--
-- TOC entry 3928 (class 0 OID 29173)
-- Dependencies: 289
-- Data for Name: auth_user; Type: TABLE DATA; Schema: public; Owner: postgres
--

INSERT INTO public.auth_user VALUES (6, 'string', NULL, false, 'uzyt', '', '', 'user@example.com', false, true, '2024-01-23 16:05:36.435463+00');
INSERT INTO public.auth_user VALUES (7, 'pbkdf2_sha256$600000$VmQ6BGNZiNbQseprPBGH8U$df+22tctRupVbkc2eLmKhDjMHPRow3wg6Qu87QQneow=', NULL, false, 'uzyt2', '', '', 'user@example.com', false, true, '2024-01-23 16:06:20.87393+00');
INSERT INTO public.auth_user VALUES (8, 'pbkdf2_sha256$600000$gamN0aEXOyvLmj26IPC4RM$fPCjqOjaH0IsIoSD8Wsn03Kn5S1tlTflqQwczVdIBF0=', NULL, false, 'a', '', '', 'a@email.com', false, true, '2024-01-23 16:18:49.788057+00');
INSERT INTO public.auth_user VALUES (9, 'pbkdf2_sha256$600000$v7JdRCDZWmQtGETp8a5cpO$kKGsPl6wf7p1J5gwCFPx9G/owanQb5XaNhjH4gU+H7s=', NULL, false, 'ads', '', '', 'dsa@aaa.com', false, true, '2024-01-25 16:59:31.249894+00');
INSERT INTO public.auth_user VALUES (10, 'pbkdf2_sha256$600000$rl7IbiBjqnvZprnNEmhFyp$Y3TA0YNw2PqLQTEg5/Mjbero1sSNeJOdV9WsBFUBLi4=', NULL, true, 'admin', '', '', 'admin@admin.admin', true, true, '2024-01-26 18:20:10.730251+00');


--
-- TOC entry 3929 (class 0 OID 29178)
-- Dependencies: 290
-- Data for Name: auth_user_groups; Type: TABLE DATA; Schema: public; Owner: postgres
--



--
-- TOC entry 3932 (class 0 OID 29183)
-- Dependencies: 293
-- Data for Name: auth_user_user_permissions; Type: TABLE DATA; Schema: public; Owner: postgres
--



--
-- TOC entry 3934 (class 0 OID 29187)
-- Dependencies: 295
-- Data for Name: django_admin_log; Type: TABLE DATA; Schema: public; Owner: postgres
--



--
-- TOC entry 3936 (class 0 OID 29194)
-- Dependencies: 297
-- Data for Name: django_content_type; Type: TABLE DATA; Schema: public; Owner: postgres
--

INSERT INTO public.django_content_type VALUES (1, 'admin', 'logentry');
INSERT INTO public.django_content_type VALUES (2, 'auth', 'permission');
INSERT INTO public.django_content_type VALUES (3, 'auth', 'group');
INSERT INTO public.django_content_type VALUES (4, 'auth', 'user');
INSERT INTO public.django_content_type VALUES (5, 'contenttypes', 'contenttype');
INSERT INTO public.django_content_type VALUES (6, 'sessions', 'session');
INSERT INTO public.django_content_type VALUES (7, 'api', 'flavor');
INSERT INTO public.django_content_type VALUES (8, 'api', 'origin');
INSERT INTO public.django_content_type VALUES (9, 'api', 'roast');
INSERT INTO public.django_content_type VALUES (10, 'api', 'species');
INSERT INTO public.django_content_type VALUES (11, 'api', 'coffee');
INSERT INTO public.django_content_type VALUES (12, 'api', 'user');
INSERT INTO public.django_content_type VALUES (13, 'api', 'coffeerating');
INSERT INTO public.django_content_type VALUES (14, 'api', 'usergroup');
INSERT INTO public.django_content_type VALUES (15, 'api', 'group');
INSERT INTO public.django_content_type VALUES (16, 'api', 'usergroup2');
INSERT INTO public.django_content_type VALUES (17, 'api', 'coffeeimage');


--
-- TOC entry 3938 (class 0 OID 29198)
-- Dependencies: 299
-- Data for Name: django_migrations; Type: TABLE DATA; Schema: public; Owner: postgres
--

INSERT INTO public.django_migrations VALUES (1, 'contenttypes', '0001_initial', '2023-10-14 10:17:52.969784+00');
INSERT INTO public.django_migrations VALUES (2, 'auth', '0001_initial', '2023-10-14 10:17:54.582434+00');
INSERT INTO public.django_migrations VALUES (3, 'admin', '0001_initial', '2023-10-14 10:17:55.015391+00');
INSERT INTO public.django_migrations VALUES (4, 'admin', '0002_logentry_remove_auto_add', '2023-10-14 10:17:55.165662+00');
INSERT INTO public.django_migrations VALUES (5, 'admin', '0003_logentry_add_action_flag_choices', '2023-10-14 10:17:55.349565+00');
INSERT INTO public.django_migrations VALUES (7, 'contenttypes', '0002_remove_content_type_name', '2023-10-14 10:17:57.344518+00');
INSERT INTO public.django_migrations VALUES (8, 'auth', '0002_alter_permission_name_max_length', '2023-10-14 10:17:57.577462+00');
INSERT INTO public.django_migrations VALUES (9, 'auth', '0003_alter_user_email_max_length', '2023-10-14 10:17:57.822809+00');
INSERT INTO public.django_migrations VALUES (10, 'auth', '0004_alter_user_username_opts', '2023-10-14 10:17:58.022574+00');
INSERT INTO public.django_migrations VALUES (11, 'auth', '0005_alter_user_last_login_null', '2023-10-14 10:17:58.249536+00');
INSERT INTO public.django_migrations VALUES (12, 'auth', '0006_require_contenttypes_0002', '2023-10-14 10:17:58.44648+00');
INSERT INTO public.django_migrations VALUES (13, 'auth', '0007_alter_validators_add_error_messages', '2023-10-14 10:17:58.642527+00');
INSERT INTO public.django_migrations VALUES (14, 'auth', '0008_alter_user_username_max_length', '2023-10-14 10:17:58.898518+00');
INSERT INTO public.django_migrations VALUES (15, 'auth', '0009_alter_user_last_name_max_length', '2023-10-14 10:17:59.15158+00');
INSERT INTO public.django_migrations VALUES (16, 'auth', '0010_alter_group_name_max_length', '2023-10-14 10:17:59.4025+00');
INSERT INTO public.django_migrations VALUES (17, 'auth', '0011_update_proxy_permissions', '2023-10-14 10:17:59.617527+00');
INSERT INTO public.django_migrations VALUES (18, 'auth', '0012_alter_user_first_name_max_length', '2023-10-14 10:17:59.858759+00');
INSERT INTO public.django_migrations VALUES (19, 'sessions', '0001_initial', '2023-10-14 10:18:00.291621+00');
INSERT INTO public.django_migrations VALUES (28, 'api', '0001_initial', '2024-01-20 20:05:15.019026+00');
INSERT INTO public.django_migrations VALUES (29, 'api', '0002_usergroup_added_at_usergroup_group_usergroup_user_and_more', '2024-01-20 20:13:06.122185+00');
INSERT INTO public.django_migrations VALUES (30, 'api', '0003_remove_usergroup_added_at_remove_usergroup_group_and_more', '2024-01-20 20:13:26.426084+00');
INSERT INTO public.django_migrations VALUES (31, 'api', '0004_alter_usergroup_id', '2024-01-20 20:13:36.10971+00');
INSERT INTO public.django_migrations VALUES (32, 'api', '0005_usergroup_user', '2024-01-20 20:15:15.394646+00');
INSERT INTO public.django_migrations VALUES (33, 'api', '0006_remove_usergroup_user_alter_usergroup_id', '2024-01-20 20:15:15.472436+00');
INSERT INTO public.django_migrations VALUES (34, 'api', '0007_usergroup2', '2024-01-20 20:15:30.360801+00');
INSERT INTO public.django_migrations VALUES (35, 'api', '0008_usergroup_added_at_usergroup_group_usergroup_user_and_more', '2024-01-20 20:16:57.092151+00');
INSERT INTO public.django_migrations VALUES (36, 'api', '0009_rename_group_usergroup_group_id_and_more', '2024-01-20 20:21:32.418707+00');
INSERT INTO public.django_migrations VALUES (37, 'api', '0010_rename_group_id_usergroup_group_and_more', '2024-01-20 20:21:49.105101+00');
INSERT INTO public.django_migrations VALUES (38, 'api', '0011_remove_usergroup_group_remove_usergroup_user', '2024-01-20 20:22:19.593661+00');
INSERT INTO public.django_migrations VALUES (39, 'api', '0012_usergroup_group_usergroup_user', '2024-01-20 20:24:55.183945+00');
INSERT INTO public.django_migrations VALUES (40, 'api', '0013_coffee_ratings_alter_coffeerating_id', '2024-01-22 22:45:16.001982+00');
INSERT INTO public.django_migrations VALUES (41, 'api', '0014_alter_coffeerating_unique_together', '2024-01-22 22:48:27.222293+00');
INSERT INTO public.django_migrations VALUES (42, 'api', '0015_alter_coffeerating_id', '2024-01-23 13:29:59.680494+00');
INSERT INTO public.django_migrations VALUES (43, 'api', '0016_alter_coffeerating_id', '2024-01-23 13:39:22.442764+00');
INSERT INTO public.django_migrations VALUES (44, 'api', '0017_alter_coffeerating_unique_together', '2024-01-23 13:40:22.760561+00');
INSERT INTO public.django_migrations VALUES (45, 'api', '0018_alter_coffeerating_id', '2024-01-23 13:44:35.65691+00');
INSERT INTO public.django_migrations VALUES (46, 'api', '0019_alter_coffeerating_id', '2024-01-23 13:44:49.814857+00');
INSERT INTO public.django_migrations VALUES (47, 'api', '0020_remove_coffee_ratings', '2024-01-23 13:46:31.51587+00');
INSERT INTO public.django_migrations VALUES (48, 'api', '0021_alter_coffeerating_id', '2024-01-23 13:48:46.291348+00');
INSERT INTO public.django_migrations VALUES (49, 'api', '0022_alter_coffeerating_id', '2024-01-23 15:04:58.958688+00');
INSERT INTO public.django_migrations VALUES (50, 'api', '0023_remove_usergroup_group_remove_usergroup_user_and_more', '2024-01-23 16:00:23.649253+00');
INSERT INTO public.django_migrations VALUES (51, 'api', '0024_coffeerating_comment', '2024-01-23 17:11:47.529588+00');
INSERT INTO public.django_migrations VALUES (52, 'api', '0025_coffee_description', '2024-01-25 17:12:43.961409+00');
INSERT INTO public.django_migrations VALUES (53, 'api', '0026_alter_coffee_name_coffeeimage_coffee_image', '2024-01-25 18:41:34.420594+00');


--
-- TOC entry 3940 (class 0 OID 29204)
-- Dependencies: 301
-- Data for Name: django_session; Type: TABLE DATA; Schema: public; Owner: postgres
--

INSERT INTO public.django_session VALUES ('u8cumimksf6d382mbtip5ewamigjrbm0', '.eJxVjDsOwjAQBe_iGllZ27uJKelzhmjtdXAA2VI-FeLuJFIKaN_MvLcaeFvzsC1pHiZRV2XV5XcLHJ-pHEAeXO5Vx1rWeQr6UPRJF91XSa_b6f4dZF7yXruRkTpDDTmWgNEK7rElh954cM0oDJ0IByADQAI2EQq4FmFsfQfq8wXZtDc4:1r1sGI:xj2U1cmN2Vp3ivkH4ZocXIJKaue7jt8nls6imH_jUOs', '2023-11-25 17:59:14.048636+00');


--
-- TOC entry 3950 (class 0 OID 0)
-- Dependencies: 276
-- Name: api_coffee_flavors_id_seq; Type: SEQUENCE SET; Schema: public; Owner: postgres
--

SELECT pg_catalog.setval('public.api_coffee_flavors_id_seq', 42, true);


--
-- TOC entry 3951 (class 0 OID 0)
-- Dependencies: 278
-- Name: api_coffee_species_id_seq; Type: SEQUENCE SET; Schema: public; Owner: postgres
--

SELECT pg_catalog.setval('public.api_coffee_species_id_seq', 34, true);


--
-- TOC entry 3952 (class 0 OID 0)
-- Dependencies: 284
-- Name: auth_group_id_seq; Type: SEQUENCE SET; Schema: public; Owner: postgres
--

SELECT pg_catalog.setval('public.auth_group_id_seq', 1, false);


--
-- TOC entry 3953 (class 0 OID 0)
-- Dependencies: 286
-- Name: auth_group_permissions_id_seq; Type: SEQUENCE SET; Schema: public; Owner: postgres
--

SELECT pg_catalog.setval('public.auth_group_permissions_id_seq', 1, false);


--
-- TOC entry 3954 (class 0 OID 0)
-- Dependencies: 288
-- Name: auth_permission_id_seq; Type: SEQUENCE SET; Schema: public; Owner: postgres
--

SELECT pg_catalog.setval('public.auth_permission_id_seq', 68, true);


--
-- TOC entry 3955 (class 0 OID 0)
-- Dependencies: 291
-- Name: auth_user_groups_id_seq; Type: SEQUENCE SET; Schema: public; Owner: postgres
--

SELECT pg_catalog.setval('public.auth_user_groups_id_seq', 1, false);


--
-- TOC entry 3956 (class 0 OID 0)
-- Dependencies: 292
-- Name: auth_user_id_seq; Type: SEQUENCE SET; Schema: public; Owner: postgres
--

SELECT pg_catalog.setval('public.auth_user_id_seq', 10, true);


--
-- TOC entry 3957 (class 0 OID 0)
-- Dependencies: 294
-- Name: auth_user_user_permissions_id_seq; Type: SEQUENCE SET; Schema: public; Owner: postgres
--

SELECT pg_catalog.setval('public.auth_user_user_permissions_id_seq', 1, false);


--
-- TOC entry 3958 (class 0 OID 0)
-- Dependencies: 296
-- Name: django_admin_log_id_seq; Type: SEQUENCE SET; Schema: public; Owner: postgres
--

SELECT pg_catalog.setval('public.django_admin_log_id_seq', 1, false);


--
-- TOC entry 3959 (class 0 OID 0)
-- Dependencies: 298
-- Name: django_content_type_id_seq; Type: SEQUENCE SET; Schema: public; Owner: postgres
--

SELECT pg_catalog.setval('public.django_content_type_id_seq', 17, true);


--
-- TOC entry 3960 (class 0 OID 0)
-- Dependencies: 300
-- Name: django_migrations_id_seq; Type: SEQUENCE SET; Schema: public; Owner: postgres
--

SELECT pg_catalog.setval('public.django_migrations_id_seq', 53, true);


--
-- TOC entry 3643 (class 2606 OID 29274)
-- Name: api_coffee_flavors api_coffee_flavors_coffee_id_flavor_id_13f0779e_uniq; Type: CONSTRAINT; Schema: public; Owner: postgres
--

ALTER TABLE ONLY public.api_coffee_flavors
    ADD CONSTRAINT api_coffee_flavors_coffee_id_flavor_id_13f0779e_uniq UNIQUE (coffee_id, flavor_id);


--
-- TOC entry 3647 (class 2606 OID 29276)
-- Name: api_coffee_flavors api_coffee_flavors_pkey; Type: CONSTRAINT; Schema: public; Owner: postgres
--

ALTER TABLE ONLY public.api_coffee_flavors
    ADD CONSTRAINT api_coffee_flavors_pkey PRIMARY KEY (id);


--
-- TOC entry 3634 (class 2606 OID 29975)
-- Name: api_coffee api_coffee_name_97d5fef3_uniq; Type: CONSTRAINT; Schema: public; Owner: postgres
--

ALTER TABLE ONLY public.api_coffee
    ADD CONSTRAINT api_coffee_name_97d5fef3_uniq UNIQUE (name);


--
-- TOC entry 3638 (class 2606 OID 29278)
-- Name: api_coffee api_coffee_pkey; Type: CONSTRAINT; Schema: public; Owner: postgres
--

ALTER TABLE ONLY public.api_coffee
    ADD CONSTRAINT api_coffee_pkey PRIMARY KEY (id);


--
-- TOC entry 3650 (class 2606 OID 29280)
-- Name: api_coffee_species api_coffee_species_coffee_id_species_id_084da735_uniq; Type: CONSTRAINT; Schema: public; Owner: postgres
--

ALTER TABLE ONLY public.api_coffee_species
    ADD CONSTRAINT api_coffee_species_coffee_id_species_id_084da735_uniq UNIQUE (coffee_id, species_id);


--
-- TOC entry 3652 (class 2606 OID 29282)
-- Name: api_coffee_species api_coffee_species_pkey; Type: CONSTRAINT; Schema: public; Owner: postgres
--

ALTER TABLE ONLY public.api_coffee_species
    ADD CONSTRAINT api_coffee_species_pkey PRIMARY KEY (id);


--
-- TOC entry 3722 (class 2606 OID 29988)
-- Name: api_coffeeimage api_coffeeimage_image_19d7ea65_uniq; Type: CONSTRAINT; Schema: public; Owner: postgres
--

ALTER TABLE ONLY public.api_coffeeimage
    ADD CONSTRAINT api_coffeeimage_image_19d7ea65_uniq UNIQUE (image);


--
-- TOC entry 3724 (class 2606 OID 29981)
-- Name: api_coffeeimage api_coffeeimage_pkey; Type: CONSTRAINT; Schema: public; Owner: postgres
--

ALTER TABLE ONLY public.api_coffeeimage
    ADD CONSTRAINT api_coffeeimage_pkey PRIMARY KEY (id);


--
-- TOC entry 3716 (class 2606 OID 29948)
-- Name: api_coffeerating api_coffeerating_pkey; Type: CONSTRAINT; Schema: public; Owner: postgres
--

ALTER TABLE ONLY public.api_coffeerating
    ADD CONSTRAINT api_coffeerating_pkey PRIMARY KEY (id);


--
-- TOC entry 3657 (class 2606 OID 29284)
-- Name: api_flavor api_flavor_pkey; Type: CONSTRAINT; Schema: public; Owner: postgres
--

ALTER TABLE ONLY public.api_flavor
    ADD CONSTRAINT api_flavor_pkey PRIMARY KEY (name);


--
-- TOC entry 3720 (class 2606 OID 29677)
-- Name: api_group api_group_name_ada5eb1e_pk; Type: CONSTRAINT; Schema: public; Owner: postgres
--

ALTER TABLE ONLY public.api_group
    ADD CONSTRAINT api_group_name_ada5eb1e_pk PRIMARY KEY (name);


--
-- TOC entry 3660 (class 2606 OID 29286)
-- Name: api_origin api_origin_pkey; Type: CONSTRAINT; Schema: public; Owner: postgres
--

ALTER TABLE ONLY public.api_origin
    ADD CONSTRAINT api_origin_pkey PRIMARY KEY (name);


--
-- TOC entry 3663 (class 2606 OID 29288)
-- Name: api_roast api_roast_pkey; Type: CONSTRAINT; Schema: public; Owner: postgres
--

ALTER TABLE ONLY public.api_roast
    ADD CONSTRAINT api_roast_pkey PRIMARY KEY (name);


--
-- TOC entry 3666 (class 2606 OID 29290)
-- Name: api_species api_species_pkey; Type: CONSTRAINT; Schema: public; Owner: postgres
--

ALTER TABLE ONLY public.api_species
    ADD CONSTRAINT api_species_pkey PRIMARY KEY (name);


--
-- TOC entry 3669 (class 2606 OID 29294)
-- Name: auth_group auth_group_name_key; Type: CONSTRAINT; Schema: public; Owner: postgres
--

ALTER TABLE ONLY public.auth_group
    ADD CONSTRAINT auth_group_name_key UNIQUE (name);


--
-- TOC entry 3674 (class 2606 OID 29296)
-- Name: auth_group_permissions auth_group_permissions_group_id_permission_id_0cd325b0_uniq; Type: CONSTRAINT; Schema: public; Owner: postgres
--

ALTER TABLE ONLY public.auth_group_permissions
    ADD CONSTRAINT auth_group_permissions_group_id_permission_id_0cd325b0_uniq UNIQUE (group_id, permission_id);


--
-- TOC entry 3677 (class 2606 OID 29298)
-- Name: auth_group_permissions auth_group_permissions_pkey; Type: CONSTRAINT; Schema: public; Owner: postgres
--

ALTER TABLE ONLY public.auth_group_permissions
    ADD CONSTRAINT auth_group_permissions_pkey PRIMARY KEY (id);


--
-- TOC entry 3671 (class 2606 OID 29300)
-- Name: auth_group auth_group_pkey; Type: CONSTRAINT; Schema: public; Owner: postgres
--

ALTER TABLE ONLY public.auth_group
    ADD CONSTRAINT auth_group_pkey PRIMARY KEY (id);


--
-- TOC entry 3680 (class 2606 OID 29302)
-- Name: auth_permission auth_permission_content_type_id_codename_01ab375a_uniq; Type: CONSTRAINT; Schema: public; Owner: postgres
--

ALTER TABLE ONLY public.auth_permission
    ADD CONSTRAINT auth_permission_content_type_id_codename_01ab375a_uniq UNIQUE (content_type_id, codename);


--
-- TOC entry 3682 (class 2606 OID 29304)
-- Name: auth_permission auth_permission_pkey; Type: CONSTRAINT; Schema: public; Owner: postgres
--

ALTER TABLE ONLY public.auth_permission
    ADD CONSTRAINT auth_permission_pkey PRIMARY KEY (id);


--
-- TOC entry 3690 (class 2606 OID 29306)
-- Name: auth_user_groups auth_user_groups_pkey; Type: CONSTRAINT; Schema: public; Owner: postgres
--

ALTER TABLE ONLY public.auth_user_groups
    ADD CONSTRAINT auth_user_groups_pkey PRIMARY KEY (id);


--
-- TOC entry 3693 (class 2606 OID 29308)
-- Name: auth_user_groups auth_user_groups_user_id_group_id_94350c0c_uniq; Type: CONSTRAINT; Schema: public; Owner: postgres
--

ALTER TABLE ONLY public.auth_user_groups
    ADD CONSTRAINT auth_user_groups_user_id_group_id_94350c0c_uniq UNIQUE (user_id, group_id);


--
-- TOC entry 3684 (class 2606 OID 29310)
-- Name: auth_user auth_user_pkey; Type: CONSTRAINT; Schema: public; Owner: postgres
--

ALTER TABLE ONLY public.auth_user
    ADD CONSTRAINT auth_user_pkey PRIMARY KEY (id);


--
-- TOC entry 3696 (class 2606 OID 29312)
-- Name: auth_user_user_permissions auth_user_user_permissions_pkey; Type: CONSTRAINT; Schema: public; Owner: postgres
--

ALTER TABLE ONLY public.auth_user_user_permissions
    ADD CONSTRAINT auth_user_user_permissions_pkey PRIMARY KEY (id);


--
-- TOC entry 3699 (class 2606 OID 29314)
-- Name: auth_user_user_permissions auth_user_user_permissions_user_id_permission_id_14a6b632_uniq; Type: CONSTRAINT; Schema: public; Owner: postgres
--

ALTER TABLE ONLY public.auth_user_user_permissions
    ADD CONSTRAINT auth_user_user_permissions_user_id_permission_id_14a6b632_uniq UNIQUE (user_id, permission_id);


--
-- TOC entry 3687 (class 2606 OID 29316)
-- Name: auth_user auth_user_username_key; Type: CONSTRAINT; Schema: public; Owner: postgres
--

ALTER TABLE ONLY public.auth_user
    ADD CONSTRAINT auth_user_username_key UNIQUE (username);


--
-- TOC entry 3702 (class 2606 OID 29318)
-- Name: django_admin_log django_admin_log_pkey; Type: CONSTRAINT; Schema: public; Owner: postgres
--

ALTER TABLE ONLY public.django_admin_log
    ADD CONSTRAINT django_admin_log_pkey PRIMARY KEY (id);


--
-- TOC entry 3705 (class 2606 OID 29320)
-- Name: django_content_type django_content_type_app_label_model_76bd3d3b_uniq; Type: CONSTRAINT; Schema: public; Owner: postgres
--

ALTER TABLE ONLY public.django_content_type
    ADD CONSTRAINT django_content_type_app_label_model_76bd3d3b_uniq UNIQUE (app_label, model);


--
-- TOC entry 3707 (class 2606 OID 29322)
-- Name: django_content_type django_content_type_pkey; Type: CONSTRAINT; Schema: public; Owner: postgres
--

ALTER TABLE ONLY public.django_content_type
    ADD CONSTRAINT django_content_type_pkey PRIMARY KEY (id);


--
-- TOC entry 3709 (class 2606 OID 29324)
-- Name: django_migrations django_migrations_pkey; Type: CONSTRAINT; Schema: public; Owner: postgres
--

ALTER TABLE ONLY public.django_migrations
    ADD CONSTRAINT django_migrations_pkey PRIMARY KEY (id);


--
-- TOC entry 3712 (class 2606 OID 29326)
-- Name: django_session django_session_pkey; Type: CONSTRAINT; Schema: public; Owner: postgres
--

ALTER TABLE ONLY public.django_session
    ADD CONSTRAINT django_session_pkey PRIMARY KEY (session_key);


--
-- TOC entry 3641 (class 1259 OID 29368)
-- Name: api_coffee_flavors_coffee_id_335ae2d1; Type: INDEX; Schema: public; Owner: postgres
--

CREATE INDEX api_coffee_flavors_coffee_id_335ae2d1 ON public.api_coffee_flavors USING btree (coffee_id);


--
-- TOC entry 3644 (class 1259 OID 29369)
-- Name: api_coffee_flavors_flavor_id_d5cf1c5f; Type: INDEX; Schema: public; Owner: postgres
--

CREATE INDEX api_coffee_flavors_flavor_id_d5cf1c5f ON public.api_coffee_flavors USING btree (flavor_id);


--
-- TOC entry 3645 (class 1259 OID 29370)
-- Name: api_coffee_flavors_flavor_id_d5cf1c5f_like; Type: INDEX; Schema: public; Owner: postgres
--

CREATE INDEX api_coffee_flavors_flavor_id_d5cf1c5f_like ON public.api_coffee_flavors USING btree (flavor_id text_pattern_ops);


--
-- TOC entry 3631 (class 1259 OID 29989)
-- Name: api_coffee_image_id_b8d56859; Type: INDEX; Schema: public; Owner: postgres
--

CREATE INDEX api_coffee_image_id_b8d56859 ON public.api_coffee USING btree (image_id);


--
-- TOC entry 3632 (class 1259 OID 29976)
-- Name: api_coffee_name_97d5fef3_like; Type: INDEX; Schema: public; Owner: postgres
--

CREATE INDEX api_coffee_name_97d5fef3_like ON public.api_coffee USING btree (name text_pattern_ops);


--
-- TOC entry 3635 (class 1259 OID 29371)
-- Name: api_coffee_origin_id_fbd355dc; Type: INDEX; Schema: public; Owner: postgres
--

CREATE INDEX api_coffee_origin_id_fbd355dc ON public.api_coffee USING btree (origin_id);


--
-- TOC entry 3636 (class 1259 OID 29372)
-- Name: api_coffee_origin_id_fbd355dc_like; Type: INDEX; Schema: public; Owner: postgres
--

CREATE INDEX api_coffee_origin_id_fbd355dc_like ON public.api_coffee USING btree (origin_id text_pattern_ops);


--
-- TOC entry 3639 (class 1259 OID 29373)
-- Name: api_coffee_roast_id_c66ad430; Type: INDEX; Schema: public; Owner: postgres
--

CREATE INDEX api_coffee_roast_id_c66ad430 ON public.api_coffee USING btree (roast_id);


--
-- TOC entry 3640 (class 1259 OID 29374)
-- Name: api_coffee_roast_id_c66ad430_like; Type: INDEX; Schema: public; Owner: postgres
--

CREATE INDEX api_coffee_roast_id_c66ad430_like ON public.api_coffee USING btree (roast_id text_pattern_ops);


--
-- TOC entry 3648 (class 1259 OID 29375)
-- Name: api_coffee_species_coffee_id_c2e06bb4; Type: INDEX; Schema: public; Owner: postgres
--

CREATE INDEX api_coffee_species_coffee_id_c2e06bb4 ON public.api_coffee_species USING btree (coffee_id);


--
-- TOC entry 3653 (class 1259 OID 29376)
-- Name: api_coffee_species_species_id_ed114ef3; Type: INDEX; Schema: public; Owner: postgres
--

CREATE INDEX api_coffee_species_species_id_ed114ef3 ON public.api_coffee_species USING btree (species_id);


--
-- TOC entry 3654 (class 1259 OID 29377)
-- Name: api_coffee_species_species_id_ed114ef3_like; Type: INDEX; Schema: public; Owner: postgres
--

CREATE INDEX api_coffee_species_species_id_ed114ef3_like ON public.api_coffee_species USING btree (species_id text_pattern_ops);


--
-- TOC entry 3714 (class 1259 OID 29620)
-- Name: api_coffeerating_coffee_id_4368d4ff; Type: INDEX; Schema: public; Owner: postgres
--

CREATE INDEX api_coffeerating_coffee_id_4368d4ff ON public.api_coffeerating USING btree (coffee_id);


--
-- TOC entry 3717 (class 1259 OID 29962)
-- Name: api_coffeerating_user_id_199704e4; Type: INDEX; Schema: public; Owner: postgres
--

CREATE INDEX api_coffeerating_user_id_199704e4 ON public.api_coffeerating USING btree (user_id);


--
-- TOC entry 3655 (class 1259 OID 29378)
-- Name: api_flavor_name_adb01c65_like; Type: INDEX; Schema: public; Owner: postgres
--

CREATE INDEX api_flavor_name_adb01c65_like ON public.api_flavor USING btree (name text_pattern_ops);


--
-- TOC entry 3718 (class 1259 OID 29673)
-- Name: api_group_name_ada5eb1e_like; Type: INDEX; Schema: public; Owner: postgres
--

CREATE INDEX api_group_name_ada5eb1e_like ON public.api_group USING btree (name text_pattern_ops);


--
-- TOC entry 3658 (class 1259 OID 29379)
-- Name: api_origin_name_80791bc1_like; Type: INDEX; Schema: public; Owner: postgres
--

CREATE INDEX api_origin_name_80791bc1_like ON public.api_origin USING btree (name text_pattern_ops);


--
-- TOC entry 3661 (class 1259 OID 29380)
-- Name: api_roast_name_073c971f_like; Type: INDEX; Schema: public; Owner: postgres
--

CREATE INDEX api_roast_name_073c971f_like ON public.api_roast USING btree (name text_pattern_ops);


--
-- TOC entry 3664 (class 1259 OID 29381)
-- Name: api_species_name_b9ba90f0_like; Type: INDEX; Schema: public; Owner: postgres
--

CREATE INDEX api_species_name_b9ba90f0_like ON public.api_species USING btree (name text_pattern_ops);


--
-- TOC entry 3667 (class 1259 OID 29382)
-- Name: auth_group_name_a6ea08ec_like; Type: INDEX; Schema: public; Owner: postgres
--

CREATE INDEX auth_group_name_a6ea08ec_like ON public.auth_group USING btree (name varchar_pattern_ops);


--
-- TOC entry 3672 (class 1259 OID 29383)
-- Name: auth_group_permissions_group_id_b120cbf9; Type: INDEX; Schema: public; Owner: postgres
--

CREATE INDEX auth_group_permissions_group_id_b120cbf9 ON public.auth_group_permissions USING btree (group_id);


--
-- TOC entry 3675 (class 1259 OID 29384)
-- Name: auth_group_permissions_permission_id_84c5c92e; Type: INDEX; Schema: public; Owner: postgres
--

CREATE INDEX auth_group_permissions_permission_id_84c5c92e ON public.auth_group_permissions USING btree (permission_id);


--
-- TOC entry 3678 (class 1259 OID 29385)
-- Name: auth_permission_content_type_id_2f476e4b; Type: INDEX; Schema: public; Owner: postgres
--

CREATE INDEX auth_permission_content_type_id_2f476e4b ON public.auth_permission USING btree (content_type_id);


--
-- TOC entry 3688 (class 1259 OID 29386)
-- Name: auth_user_groups_group_id_97559544; Type: INDEX; Schema: public; Owner: postgres
--

CREATE INDEX auth_user_groups_group_id_97559544 ON public.auth_user_groups USING btree (group_id);


--
-- TOC entry 3691 (class 1259 OID 29387)
-- Name: auth_user_groups_user_id_6a12ed8b; Type: INDEX; Schema: public; Owner: postgres
--

CREATE INDEX auth_user_groups_user_id_6a12ed8b ON public.auth_user_groups USING btree (user_id);


--
-- TOC entry 3694 (class 1259 OID 29388)
-- Name: auth_user_user_permissions_permission_id_1fbb5f2c; Type: INDEX; Schema: public; Owner: postgres
--

CREATE INDEX auth_user_user_permissions_permission_id_1fbb5f2c ON public.auth_user_user_permissions USING btree (permission_id);


--
-- TOC entry 3697 (class 1259 OID 29389)
-- Name: auth_user_user_permissions_user_id_a95ead1b; Type: INDEX; Schema: public; Owner: postgres
--

CREATE INDEX auth_user_user_permissions_user_id_a95ead1b ON public.auth_user_user_permissions USING btree (user_id);


--
-- TOC entry 3685 (class 1259 OID 29390)
-- Name: auth_user_username_6821ab7c_like; Type: INDEX; Schema: public; Owner: postgres
--

CREATE INDEX auth_user_username_6821ab7c_like ON public.auth_user USING btree (username varchar_pattern_ops);


--
-- TOC entry 3700 (class 1259 OID 29391)
-- Name: django_admin_log_content_type_id_c4bce8eb; Type: INDEX; Schema: public; Owner: postgres
--

CREATE INDEX django_admin_log_content_type_id_c4bce8eb ON public.django_admin_log USING btree (content_type_id);


--
-- TOC entry 3703 (class 1259 OID 29392)
-- Name: django_admin_log_user_id_c564eba6; Type: INDEX; Schema: public; Owner: postgres
--

CREATE INDEX django_admin_log_user_id_c564eba6 ON public.django_admin_log USING btree (user_id);


--
-- TOC entry 3710 (class 1259 OID 29393)
-- Name: django_session_expire_date_a5c62663; Type: INDEX; Schema: public; Owner: postgres
--

CREATE INDEX django_session_expire_date_a5c62663 ON public.django_session USING btree (expire_date);


--
-- TOC entry 3713 (class 1259 OID 29394)
-- Name: django_session_session_key_c0390e0f_like; Type: INDEX; Schema: public; Owner: postgres
--

CREATE INDEX django_session_session_key_c0390e0f_like ON public.django_session USING btree (session_key varchar_pattern_ops);


--
-- TOC entry 3728 (class 2606 OID 29449)
-- Name: api_coffee_flavors api_coffee_flavors_coffee_id_335ae2d1_fk_api_coffee_id; Type: FK CONSTRAINT; Schema: public; Owner: postgres
--

ALTER TABLE ONLY public.api_coffee_flavors
    ADD CONSTRAINT api_coffee_flavors_coffee_id_335ae2d1_fk_api_coffee_id FOREIGN KEY (coffee_id) REFERENCES api_coffee(id) DEFERRABLE INITIALLY DEFERRED;


--
-- TOC entry 3729 (class 2606 OID 29454)
-- Name: api_coffee_flavors api_coffee_flavors_flavor_id_d5cf1c5f_fk_api_flavor_name; Type: FK CONSTRAINT; Schema: public; Owner: postgres
--

ALTER TABLE ONLY public.api_coffee_flavors
    ADD CONSTRAINT api_coffee_flavors_flavor_id_d5cf1c5f_fk_api_flavor_name FOREIGN KEY (flavor_id) REFERENCES api_flavor(name) DEFERRABLE INITIALLY DEFERRED;


--
-- TOC entry 3725 (class 2606 OID 29982)
-- Name: api_coffee api_coffee_image_id_b8d56859_fk_api_coffeeimage_id; Type: FK CONSTRAINT; Schema: public; Owner: postgres
--

ALTER TABLE ONLY public.api_coffee
    ADD CONSTRAINT api_coffee_image_id_b8d56859_fk_api_coffeeimage_id FOREIGN KEY (image_id) REFERENCES api_coffeeimage(id) DEFERRABLE INITIALLY DEFERRED;


--
-- TOC entry 3726 (class 2606 OID 29459)
-- Name: api_coffee api_coffee_origin_id_fbd355dc_fk_api_origin_name; Type: FK CONSTRAINT; Schema: public; Owner: postgres
--

ALTER TABLE ONLY public.api_coffee
    ADD CONSTRAINT api_coffee_origin_id_fbd355dc_fk_api_origin_name FOREIGN KEY (origin_id) REFERENCES api_origin(name) DEFERRABLE INITIALLY DEFERRED;


--
-- TOC entry 3727 (class 2606 OID 29464)
-- Name: api_coffee api_coffee_roast_id_c66ad430_fk_api_roast_name; Type: FK CONSTRAINT; Schema: public; Owner: postgres
--

ALTER TABLE ONLY public.api_coffee
    ADD CONSTRAINT api_coffee_roast_id_c66ad430_fk_api_roast_name FOREIGN KEY (roast_id) REFERENCES api_roast(name) DEFERRABLE INITIALLY DEFERRED;


--
-- TOC entry 3730 (class 2606 OID 29469)
-- Name: api_coffee_species api_coffee_species_coffee_id_c2e06bb4_fk_api_coffee_id; Type: FK CONSTRAINT; Schema: public; Owner: postgres
--

ALTER TABLE ONLY public.api_coffee_species
    ADD CONSTRAINT api_coffee_species_coffee_id_c2e06bb4_fk_api_coffee_id FOREIGN KEY (coffee_id) REFERENCES api_coffee(id) DEFERRABLE INITIALLY DEFERRED;


--
-- TOC entry 3731 (class 2606 OID 29474)
-- Name: api_coffee_species api_coffee_species_species_id_ed114ef3_fk_api_species_name; Type: FK CONSTRAINT; Schema: public; Owner: postgres
--

ALTER TABLE ONLY public.api_coffee_species
    ADD CONSTRAINT api_coffee_species_species_id_ed114ef3_fk_api_species_name FOREIGN KEY (species_id) REFERENCES api_species(name) DEFERRABLE INITIALLY DEFERRED;


--
-- TOC entry 3741 (class 2606 OID 29610)
-- Name: api_coffeerating api_coffeerating_coffee_id_4368d4ff_fk_api_coffee_id; Type: FK CONSTRAINT; Schema: public; Owner: postgres
--

ALTER TABLE ONLY public.api_coffeerating
    ADD CONSTRAINT api_coffeerating_coffee_id_4368d4ff_fk_api_coffee_id FOREIGN KEY (coffee_id) REFERENCES api_coffee(id) DEFERRABLE INITIALLY DEFERRED;


--
-- TOC entry 3742 (class 2606 OID 29957)
-- Name: api_coffeerating api_coffeerating_user_id_199704e4_fk_auth_user_id; Type: FK CONSTRAINT; Schema: public; Owner: postgres
--

ALTER TABLE ONLY public.api_coffeerating
    ADD CONSTRAINT api_coffeerating_user_id_199704e4_fk_auth_user_id FOREIGN KEY (user_id) REFERENCES auth_user(id) DEFERRABLE INITIALLY DEFERRED;


--
-- TOC entry 3732 (class 2606 OID 29479)
-- Name: auth_group_permissions auth_group_permissio_permission_id_84c5c92e_fk_auth_perm; Type: FK CONSTRAINT; Schema: public; Owner: postgres
--

ALTER TABLE ONLY public.auth_group_permissions
    ADD CONSTRAINT auth_group_permissio_permission_id_84c5c92e_fk_auth_perm FOREIGN KEY (permission_id) REFERENCES auth_permission(id) DEFERRABLE INITIALLY DEFERRED;


--
-- TOC entry 3733 (class 2606 OID 29484)
-- Name: auth_group_permissions auth_group_permissions_group_id_b120cbf9_fk_auth_group_id; Type: FK CONSTRAINT; Schema: public; Owner: postgres
--

ALTER TABLE ONLY public.auth_group_permissions
    ADD CONSTRAINT auth_group_permissions_group_id_b120cbf9_fk_auth_group_id FOREIGN KEY (group_id) REFERENCES auth_group(id) DEFERRABLE INITIALLY DEFERRED;


--
-- TOC entry 3734 (class 2606 OID 29489)
-- Name: auth_permission auth_permission_content_type_id_2f476e4b_fk_django_co; Type: FK CONSTRAINT; Schema: public; Owner: postgres
--

ALTER TABLE ONLY public.auth_permission
    ADD CONSTRAINT auth_permission_content_type_id_2f476e4b_fk_django_co FOREIGN KEY (content_type_id) REFERENCES django_content_type(id) DEFERRABLE INITIALLY DEFERRED;


--
-- TOC entry 3735 (class 2606 OID 29494)
-- Name: auth_user_groups auth_user_groups_group_id_97559544_fk_auth_group_id; Type: FK CONSTRAINT; Schema: public; Owner: postgres
--

ALTER TABLE ONLY public.auth_user_groups
    ADD CONSTRAINT auth_user_groups_group_id_97559544_fk_auth_group_id FOREIGN KEY (group_id) REFERENCES auth_group(id) DEFERRABLE INITIALLY DEFERRED;


--
-- TOC entry 3736 (class 2606 OID 29499)
-- Name: auth_user_groups auth_user_groups_user_id_6a12ed8b_fk_auth_user_id; Type: FK CONSTRAINT; Schema: public; Owner: postgres
--

ALTER TABLE ONLY public.auth_user_groups
    ADD CONSTRAINT auth_user_groups_user_id_6a12ed8b_fk_auth_user_id FOREIGN KEY (user_id) REFERENCES auth_user(id) DEFERRABLE INITIALLY DEFERRED;


--
-- TOC entry 3737 (class 2606 OID 29504)
-- Name: auth_user_user_permissions auth_user_user_permi_permission_id_1fbb5f2c_fk_auth_perm; Type: FK CONSTRAINT; Schema: public; Owner: postgres
--

ALTER TABLE ONLY public.auth_user_user_permissions
    ADD CONSTRAINT auth_user_user_permi_permission_id_1fbb5f2c_fk_auth_perm FOREIGN KEY (permission_id) REFERENCES auth_permission(id) DEFERRABLE INITIALLY DEFERRED;


--
-- TOC entry 3738 (class 2606 OID 29509)
-- Name: auth_user_user_permissions auth_user_user_permissions_user_id_a95ead1b_fk_auth_user_id; Type: FK CONSTRAINT; Schema: public; Owner: postgres
--

ALTER TABLE ONLY public.auth_user_user_permissions
    ADD CONSTRAINT auth_user_user_permissions_user_id_a95ead1b_fk_auth_user_id FOREIGN KEY (user_id) REFERENCES auth_user(id) DEFERRABLE INITIALLY DEFERRED;


--
-- TOC entry 3739 (class 2606 OID 29514)
-- Name: django_admin_log django_admin_log_content_type_id_c4bce8eb_fk_django_co; Type: FK CONSTRAINT; Schema: public; Owner: postgres
--

ALTER TABLE ONLY public.django_admin_log
    ADD CONSTRAINT django_admin_log_content_type_id_c4bce8eb_fk_django_co FOREIGN KEY (content_type_id) REFERENCES django_content_type(id) DEFERRABLE INITIALLY DEFERRED;


--
-- TOC entry 3740 (class 2606 OID 29519)
-- Name: django_admin_log django_admin_log_user_id_c564eba6_fk_auth_user_id; Type: FK CONSTRAINT; Schema: public; Owner: postgres
--

ALTER TABLE ONLY public.django_admin_log
    ADD CONSTRAINT django_admin_log_user_id_c564eba6_fk_auth_user_id FOREIGN KEY (user_id) REFERENCES auth_user(id) DEFERRABLE INITIALLY DEFERRED;


--
-- TOC entry 3892 (class 0 OID 29119)
-- Dependencies: 274
-- Name: api_coffee; Type: ROW SECURITY; Schema: public; Owner: postgres
--

ALTER TABLE public.api_coffee ENABLE ROW LEVEL SECURITY;

--
-- TOC entry 3893 (class 0 OID 29124)
-- Dependencies: 275
-- Name: api_coffee_flavors; Type: ROW SECURITY; Schema: public; Owner: postgres
--

ALTER TABLE public.api_coffee_flavors ENABLE ROW LEVEL SECURITY;

--
-- TOC entry 3894 (class 0 OID 29130)
-- Dependencies: 277
-- Name: api_coffee_species; Type: ROW SECURITY; Schema: public; Owner: postgres
--

ALTER TABLE public.api_coffee_species ENABLE ROW LEVEL SECURITY;

--
-- TOC entry 3911 (class 0 OID 29977)
-- Dependencies: 308
-- Name: api_coffeeimage; Type: ROW SECURITY; Schema: public; Owner: postgres
--

ALTER TABLE public.api_coffeeimage ENABLE ROW LEVEL SECURITY;

--
-- TOC entry 3909 (class 0 OID 29605)
-- Dependencies: 306
-- Name: api_coffeerating; Type: ROW SECURITY; Schema: public; Owner: postgres
--

ALTER TABLE public.api_coffeerating ENABLE ROW LEVEL SECURITY;

--
-- TOC entry 3895 (class 0 OID 29136)
-- Dependencies: 279
-- Name: api_flavor; Type: ROW SECURITY; Schema: public; Owner: postgres
--

ALTER TABLE public.api_flavor ENABLE ROW LEVEL SECURITY;

--
-- TOC entry 3910 (class 0 OID 29622)
-- Dependencies: 307
-- Name: api_group; Type: ROW SECURITY; Schema: public; Owner: postgres
--

ALTER TABLE public.api_group ENABLE ROW LEVEL SECURITY;

--
-- TOC entry 3896 (class 0 OID 29141)
-- Dependencies: 280
-- Name: api_origin; Type: ROW SECURITY; Schema: public; Owner: postgres
--

ALTER TABLE public.api_origin ENABLE ROW LEVEL SECURITY;

--
-- TOC entry 3897 (class 0 OID 29146)
-- Dependencies: 281
-- Name: api_roast; Type: ROW SECURITY; Schema: public; Owner: postgres
--

ALTER TABLE public.api_roast ENABLE ROW LEVEL SECURITY;

--
-- TOC entry 3898 (class 0 OID 29151)
-- Dependencies: 282
-- Name: api_species; Type: ROW SECURITY; Schema: public; Owner: postgres
--

ALTER TABLE public.api_species ENABLE ROW LEVEL SECURITY;

--
-- TOC entry 3899 (class 0 OID 29161)
-- Dependencies: 283
-- Name: auth_group; Type: ROW SECURITY; Schema: public; Owner: postgres
--

ALTER TABLE public.auth_group ENABLE ROW LEVEL SECURITY;

--
-- TOC entry 3900 (class 0 OID 29165)
-- Dependencies: 285
-- Name: auth_group_permissions; Type: ROW SECURITY; Schema: public; Owner: postgres
--

ALTER TABLE public.auth_group_permissions ENABLE ROW LEVEL SECURITY;

--
-- TOC entry 3901 (class 0 OID 29169)
-- Dependencies: 287
-- Name: auth_permission; Type: ROW SECURITY; Schema: public; Owner: postgres
--

ALTER TABLE public.auth_permission ENABLE ROW LEVEL SECURITY;

--
-- TOC entry 3902 (class 0 OID 29173)
-- Dependencies: 289
-- Name: auth_user; Type: ROW SECURITY; Schema: public; Owner: postgres
--

ALTER TABLE public.auth_user ENABLE ROW LEVEL SECURITY;

--
-- TOC entry 3903 (class 0 OID 29178)
-- Dependencies: 290
-- Name: auth_user_groups; Type: ROW SECURITY; Schema: public; Owner: postgres
--

ALTER TABLE public.auth_user_groups ENABLE ROW LEVEL SECURITY;

--
-- TOC entry 3904 (class 0 OID 29183)
-- Dependencies: 293
-- Name: auth_user_user_permissions; Type: ROW SECURITY; Schema: public; Owner: postgres
--

ALTER TABLE public.auth_user_user_permissions ENABLE ROW LEVEL SECURITY;

--
-- TOC entry 3905 (class 0 OID 29187)
-- Dependencies: 295
-- Name: django_admin_log; Type: ROW SECURITY; Schema: public; Owner: postgres
--

ALTER TABLE public.django_admin_log ENABLE ROW LEVEL SECURITY;

--
-- TOC entry 3906 (class 0 OID 29194)
-- Dependencies: 297
-- Name: django_content_type; Type: ROW SECURITY; Schema: public; Owner: postgres
--

ALTER TABLE public.django_content_type ENABLE ROW LEVEL SECURITY;

--
-- TOC entry 3907 (class 0 OID 29198)
-- Dependencies: 299
-- Name: django_migrations; Type: ROW SECURITY; Schema: public; Owner: postgres
--

ALTER TABLE public.django_migrations ENABLE ROW LEVEL SECURITY;

--
-- TOC entry 3908 (class 0 OID 29204)
-- Dependencies: 301
-- Name: django_session; Type: ROW SECURITY; Schema: public; Owner: postgres
--

ALTER TABLE public.django_session ENABLE ROW LEVEL SECURITY;

--
-- TOC entry 3949 (class 0 OID 0)
-- Dependencies: 26
-- Name: SCHEMA public; Type: ACL; Schema: -; Owner: postgres
--

REVOKE USAGE ON SCHEMA public FROM PUBLIC;


-- Completed on 2024-01-26 21:02:13

--
-- PostgreSQL database dump complete
--

